대법원,서울
법원행정처,서울
법원도서관,서울
양형위원회,서울
서울고등법원,서울
서울중앙지방법원,서울
서울가정법원,서울
서울행정법원,서울
서울회생법원,서울
서울동부지방법원,서울
서울남부지방법원,서울
서울북부지방법원,서울
서울서부지방법원,서울
사법연수원,인천/경기도
사법정책연구원,인천/경기도
법원공무원교육원,인천/경기도
법원도서관,인천/경기도
의정부지방법원,인천/경기도
인천지방법원,인천/경기도
인천가정법원,인천/경기도
수원고등법원,인천/경기도
수원지방법원,인천/경기도
수원가정법원,인천/경기도
춘천지방법원,강원도
청주지방법원,충청북도
특허법원,대전/세종/충청남도
대전고등법원,대전/세종/충청남도
대전지방법원,대전/세종/충청남도
대전가정법원,대전/세종/충청남도
대구고등법원,대구/경상북도
대구지방법원,대구/경상북도
대구가정법원,대구/경상북도
부산고등법원,부산/울산/경상남도
부산지방법원,부산/울산/경상남도
부산가정법원,부산/울산/경상남도
울산지방법원,부산/울산/경상남도
창원지방법원,부산/울산/경상남도
광주고등법원,광주/전라남도
광주지방법원,광주/전라남도
광주가정법원,광주/전라남도
전주지방법원,전라북도
제주지방법원,제주도